code,long,short,
001.0,Cholera due to vibrio cholerae,Cholera d/t vib cholerae,
001.1,Cholera due to vibrio cholerae el tor,Cholera d/t vib el tor,
001.9,Cholera$ unspecified,Cholera NOS,
002.0,Typhoid fever,Typhoid fever,
002.1,Paratyphoid fever A,Paratyphoid fever a,
002.2,Paratyphoid fever B,Paratyphoid fever b,
002.3,Paratyphoid fever C,Paratyphoid fever c,
002.9,Paratyphoid fever$ unspecified,Paratyphoid fever NOS,
003.0,Salmonella gastroenteritis,Salmonella enteritis,
003.1,Salmonella septicemia,Salmonella septicemia,
003.20,Localized salmonella infection$ unspecified,Local salmonella inf NOS,
003.21,Salmonella meningitis,Salmonella meningitis,
003.22,Salmonella pneumonia,Salmonella pneumonia,
003.23,Salmonella arthritis,Salmonella arthritis,
003.24,Salmonella osteomyelitis,Salmonella osteomyelitis,
003.29,Other localized salmonella infections,Local salmonella inf NEC,
003.8,Other specified salmonella infections,Salmonella infection NEC,
003.9,Salmonella infection$ unspecified,Salmonella infection NOS,
004.0,Shigella dysenteriae,Shigella dysenteriae,
004.1,Shigella flexneri,Shigella flexneri,
004.2,Shigella boydii,Shigella boydii,
004.3,Shigella sonnei,Shigella sonnei,
004.8,Other specified shigella infections,Shigella infection NEC,
004.9,Shigellosis$ unspecified,Shigellosis NOS,
005.0,Staphylococcal food poisoning,Staph food poisoning,
005.1,Botulism food poisoning,Botulism food poisoning,
005.2,Food poisoning due to Clostridium perfringens (C. welchii),Food pois d/t c. perfrin,
005.3,Food poisoning due to other Clostridia,Food pois: clostrid NEC,
005.4,Food poisoning due to Vibrio parahaemolyticus,Food pois: v. parahaem,
005.81,Food poisoning due to Vibrio vulnificus,Food poisn d/t v. vulnif,
005.89,Other bacterial food poisoning,Bact food poisoning NEC,
005.9,Food poisoning$ unspecified,Food poisoning NOS,
006.0,Acute amebic dysentery without mention of abscess,Ac amebiasis w/o abscess,
006.1,Chronic intestinal amebiasis without mention of abscess,Chr amebiasis w/o absces,
006.2,Amebic nondysenteric colitis,Amebic nondysent colitis,
006.3,Amebic liver abscess,Amebic liver abscess,
006.4,Amebic lung abscess,Amebic lung abscess,
006.5,Amebic brain abscess,Amebic brain abscess,
006.6,Amebic skin ulceration,Amebic skin ulceration,
006.8,Amebic infection of other sites,Amebic infection NEC,
006.9,Amebiasis$ unspecified,Amebiasis NOS,
007.0,Balantidiasis,Balantidiasis,
007.1,Giardiasis,Giardiasis,
007.2,Coccidiosis,Coccidiosis,
007.3,Intestinal trichomoniasis,Intest trichomoniasis,
007.4,Cryptosporidiosis,Cryptosporidiosis,
007.5,Cyclosporiasis,Cyclosporiasis,
007.8,Other specified protozoal intestinal diseases,Protozoal intest dis NEC,
007.9,Unspecified protozoal intestinal disease,Protozoal intest dis NOS,
008.00,Intestinal infection due to E. coli$ unspecified,Intest infec e coli NOS,
008.01,Intestinal infection due to enteropathogenic E. coli,Int inf e coli entrpath,
008.02,Intestinal infection due to enterotoxigenic E. coli,Int inf e coli entrtoxgn,
008.03,Intestinal infection due to enteroinvasive E. coli,Int inf e coli entrnvsv,
008.04,Intestinal infection due to enterohemorrhagic E. coli,Int inf e coli entrhmrg,
008.09,Intestinal infection due to other intestinal E. coli infections,Int inf e coli spcf NEC,
008.1,Intestinal infection due to arizona group of paracolon bacilli,Arizona enteritis,
008.2,Intestinal infection due to aerobacter aerogenes,Aerobacter enteritis,
008.3,Intestinal infection due to proteus (mirabilis) (morganii),Proteus enteritis,
008.41,Intestinal infection due to staphylococcus,Staphylococc enteritis,
008.42,Intestinal infection due to pseudomonas,Pseudomonas enteritis,
008.43,Intestinal infection due to campylobacter,Int infec campylobacter,
008.44,Intestinal infection due to yersinia enterocolitica,Int inf yrsnia entrcltca,
008.45,Intestinal infection due to Clostridium difficile,Int inf clstrdium dfcile,
008.46,Intestinal infection due to other anaerobes,Intes infec oth anerobes,
008.47,Intestinal infection due to other gram-negative bacteria,Int inf oth grm neg bctr,
008.49,Intestinal infection due to other organisms,Bacterial enteritis NEC,
008.5,Bacterial enteritis$ unspecified,Bacterial enteritis NOS,
008.61,Enteritis due to rotavirus,Intes infec rotavirus,
008.62,Enteritis due to adenovirus,Intes infec adenovirus,
008.63,Enteritis due to norwalk virus,Int inf norwalk virus,
008.64,Enteritis due to other small round viruses [SRV's],Int inf oth sml rnd vrus,
008.65,Enteritis due to calicivirus,Enteritis d/t calicivirs,
008.66,Enteritis due to astrovirus,Intes infec astrovirus,
008.67,Enteritis due to enterovirus nec,Int inf enterovirus NEC,
008.69,Enteritis due to other viral enteritis,Other viral intes infec,
008.8,Intestinal infection due to other organism$ not elsewhere classified,Viral enteritis NOS,
009.0,Infectious colitis$ enteritis$ and gastroenteritis,Infectious enteritis NOS,
009.1,Colitis$ enteritis$ and gastroenteritis of presumed infectious origin,Enteritis of infect orig,
009.2,Infectious diarrhea,Infectious diarrhea NOS,
009.3,Diarrhea of presumed infectious origin,Diarrhea of infect orig,
010.00,Primary tuberculous infection$ unspecified,Prim TB complex-unspec,
010.01,Primary tuberculous infection$ bacteriological or histological examination not done,Prim TB complex-no exam,
010.02,Primary tuberculous infection$ bacteriological or histological examination unknown (at present),Prim TB complex-exm unkn,
010.03,Primary tuberculous infection$ tubercle bacilli found (in sputum) by microscopy,Prim TB complex-micro dx,
010.04,Primary tuberculous infection$ tubercle bacilli not found (in sputum) by microscopy$ but found by bacterial culture,Prim TB complex-cult dx,
010.05,Primary tuberculous infection$ tubercle bacilli not found by bacteriological examination$ but tuberculosis confirmed histologically,Prim TB complex-histo dx,
010.06,Primary tuberculous infection$ tubercle bacilli not found by bacteriological or histological examination$ but tuberculosis confirmed by other methods [inoculation of animals],Prim TB complex-oth test,
010.10,Tuberculous pleurisy in primary progressive tuberculosis$ unspecified,Prim TB pleurisy-unspec,
010.11,Tuberculous pleurisy in primary progressive tuberculosis$ bacteriological or histological examination not done,Prim TB pleurisy-no exam,
010.12,Tuberculous pleurisy in primary progressive tuberculosis$ bacteriological or histological examination unknown (at present),Prim TB pleur-exam unkn,
010.13,Tuberculous pleurisy in primary progressive tuberculosis$ tubercle bacilli found (in sputum) by microscopy,Prim TB pleuris-micro dx,
010.14,Tuberculous pleurisy in primary progressive tuberculosis$ tubercle bacilli not found (in sputum) by microscopy$ but found by bacterial culture,Prim TB pleurisy-cult dx,
010.15,Tuberculous pleurisy in primary progressive tuberculosis$ tubercle bacilli not found by bacteriological examination$ but tuberculosis confirmed histologically,Prim TB pleuris-histo dx,
010.16,Tuberculous pleurisy in primary progressive tuberculosis$ tubercle bacilli not found by bacteriological or histological examination$ but tuberculosis confirmed by other methods [inoculation of animals],Prim TB pleuris-oth test,
010.80,Other primary progressive tuberculosis$ unspecified,Prim prog TB NEC-unspec,
010.81,Other primary progressive tuberculosis$ bacteriological or histological examination not done,Prim prog TB NEC-no exam,
010.82,Other primary progressive tuberculosis$ bacteriological or histological examination unknown (at present),Prim pr TB NEC-exam unkn,
010.83,Other primary progressive tuberculosis$ tubercle bacilli found (in sputum) by microscopy,Prim prg TB NEC-micro dx,
010.84,Other primary progressive tuberculosis$ tubercle bacilli not found (in sputum) by microscopy$ but found by bacterial culture,Prim prog TB NEC-cult dx,
010.85,Other primary progressive tuberculosis$ tubercle bacilli not found by bacteriological examination$ but tuberculosis confirmed histologically,Prim prg TB NEC-histo dx,
010.86,Other primary progressive tuberculosis$ tubercle bacilli not found by bacteriological or histological examination$ but tuberculosis confirmed by other methods [inoculation of animals],Prim prg TB NEC-oth test,
010.90,Primary tuberculous infection$ unspecified$ unspecified,Primary TB NOS-unspec,
010.91,Primary tuberculous infection$ unspecified$ bacteriological or histological examination not done,Primary TB NOS-no exam,
010.92,Primary tuberculous infection$ unspecified$ bacteriological or histological examination unknown (at present),Primary TB NOS-exam unkn,
010.93,Primary tuberculous infection$ unspecified$ tubercle bacilli found (in sputum) by microscopy,Primary TB NOS-micro dx,
010.94,Primary tuberculous infection$ unspecified$ tubercle bacilli not found (in sputum) by microscopy$ but found by bacterial culture,Primary TB NOS-cult dx,
010.95,Primary tuberculous infection$ unspecified$ tubercle bacilli not found by bacteriological examination$ but tuberculosis confirmed histologically,Primary TB NOS-histo dx,
010.96,Primary tuberculous infection$ unspecified$ tubercle bacilli not found by bacteriological or histological examination$ but tuberculosis confirmed by other methods [inoculation of animals],Primary TB NOS-oth test,
011.00,Tuberculosis of lung$ infiltrative$ unspecified,TB lung infiltr-unspec,
011.01,Tuberculosis of lung$ infiltrative$ bacteriological or histological examination not done,TB lung infiltr-no exam,
011.02,Tuberculosis of lung$ infiltrative$ bacteriological or histological examination unknown (at present),TB lung infiltr-exm unkn,
011.03,Tuberculosis of lung$ infiltrative$ tubercle bacilli found (in sputum) by microscopy,TB lung infiltr-micro dx,
011.04,Tuberculosis of lung$ infiltrative$ tubercle bacilli not found (in sputum) by microscopy$ but found by bacterial culture,TB lung infiltr-cult dx,
011.05,Tuberculosis of lung$ infiltrative$ tubercle bacilli not found by bacteriological examination$ but tuberculosis confirmed histologically,TB lung infiltr-histo dx,
011.06,Tuberculosis of lung$ infiltrative$ tubercle bacilli not found bacteriological or histological examination$ but tuberculosis confirmed by other methods [inoculation of animals],TB lung infiltr-oth test,
011.10,Tuberculosis of lung$ nodular$ unspecified,TB lung nodular-unspec,
011.11,Tuberculosis of lung$ nodular$ bacteriological or histological examination not done,TB lung nodular-no exam,
011.12,Tuberculosis of lung$ nodular$ bacteriological or histological examination unknown (at present),TB lung nodul-exam unkn,
011.13,Tuberculosis of lung$ nodular$ tubercle bacilli found (in sputum) by microscopy,TB lung nodular-micro dx,
011.14,Tuberculosis of lung$ nodular$ tubercle bacilli not found (in sputum) by microscopy$ but found by bacterial culture,TB lung nodular-cult dx,
011.15,Tuberculosis of lung$ nodular$ tubercle bacilli not found by bacteriological examination$ but tuberculosis confirmed histologically,TB lung nodular-histo dx,
011.16,Tuberculosis of lung$ nodular$ tubercle bacilli not found by bacteriological or histological examination$ but tuberculosis confirmed by other methods [inoculation of animals],TB lung nodular-oth test,
011.20,Tuberculosis of lung with cavitation$ unspecified,TB lung w cavity-unspec,
011.21,Tuberculosis of lung with cavitation$ bacteriological or histological examination not done,TB lung w cavity-no exam,
011.22,Tuberculosis of lung with cavitation$ bacteriological or histological examination unknown (at present),TB lung cavity-exam unkn,
011.23,Tuberculosis of lung with cavitation$ tubercle bacilli found (in sputum) by microscopy,TB lung w cavit-micro dx,
011.24,Tuberculosis of lung with cavitation$ tubercle bacilli not found (in sputum) by microscopy$ but found by bacterial culture,TB lung w cavity-cult dx,
011.25,Tuberculosis of lung with cavitation$ tubercle bacilli not found by bacteriological examination$ but tuberculosis confirmed histologically,TB lung w cavit-histo dx,
011.26,Tuberculosis of lung with cavitation$ tubercle bacilli not found by bacteriological or histological examination$ but tuberculosis confirmed by other methods [inoculation of animals],TB lung w cavit-oth test,
011.30,Tuberculosis of bronchus$ unspecified,TB of bronchus-unspec,
011.31,Tuberculosis of bronchus$ bacteriological or histological examination not done,TB of bronchus-no exam,
011.32,Tuberculosis of bronchus$ bacteriological or histological examination unknown (at present),TB of bronchus-exam unkn,
011.33,Tuberculosis of bronchus$ tubercle bacilli found (in sputum) by microscopy,TB of bronchus-micro dx,
011.34,Tuberculosis of bronchus$ tubercle bacilli not found (in sputum) by microscopy$ but found in bacterial culture,TB of bronchus-cult dx,
011.35,Tuberculosis of bronchus$ tubercle bacilli not found by bacteriological examination$ but tuberculosis confirmed histologically,TB of bronchus-histo dx,
011.36,Tuberculosis of bronchus$ tubercle bacilli not found by bacteriological or histological examination$ but tuberculosis confirmed by other methods [inoculation of animals],TB of bronchus-oth test,
011.40,Tuberculous fibrosis of lung$ unspecified,TB lung fibrosis-unspec,
011.41,Tuberculous fibrosis of lung$ bacteriological or histological examination not done,TB lung fibrosis-no exam,
011.42,Tuberculous fibrosis of lung$ bacteriological or histological examination unknown (at present),TB lung fibros-exam unkn,
011.43,Tuberculous fibrosis of lung$ tubercle bacilli found (in sputum) by microscopy,TB lung fibros-micro dx,
011.44,Tuberculous fibrosis of lung$ tubercle bacilli not found (in sputum) by microscopy$ but found by bacterial culture,TB lung fibrosis-cult dx,
011.45,Tuberculous fibrosis of lung$ tubercle bacilli not found by bacteriological examination$ but tuberculosis confirmed histologically,TB lung fibros-histo dx,
011.46,Tuberculous fibrosis of lung$ tubercle bacilli not found by bacteriological or histological examination$ but tuberculosis confirmed by other methods [inoculation of animals],TB lung fibros-oth test,
011.50,Tuberculous bronchiectasis$ unspecified,TB bronchiectasis-unspec,
011.51,Tuberculous bronchiectasis$ bacteriological or histological examination not done,TB bronchiect-no exam,
011.52,Tuberculous bronchiectasis$ bacteriological or histological examination unknown (at present),TB bronchiect-exam unkn,
011.53,Tuberculous bronchiectasis$ tubercle bacilli found (in sputum) by microscopy,TB bronchiect-micro dx,
011.54,Tuberculous bronchiectasis$ tubercle bacilli not found (in sputum) by microscopy$ but found by bacterial culture,TB bronchiect-cult dx,
011.55,Tuberculous bronchiectasis$ tubercle bacilli not found by bacteriological examination$ but tuberculosis confirmed histologically,TB bronchiect-histo dx,
011.56,Tuberculous bronchiectasis$ tubercle bacilli not found by bacteriological or histological examination$ but tuberculosis confirmed by other methods [inoculation of animals],TB bronchiect-oth test,
011.60,Tuberculous pneumonia [any form]$ unspecified,TB pneumonia-unspec,
011.61,Tuberculous pneumonia [any form]$ bacteriological or histological examination not done,TB pneumonia-no exam,
011.62,Tuberculous pneumonia [any form]$ bacteriological or histological examination unknown (at present),TB pneumonia-exam unkn,
011.63,Tuberculous pneumonia [any form]$ tubercle bacilli found (in sputum) by microscopy,TB pneumonia-micro dx,
011.64,Tuberculous pneumonia [any form]$ tubercle bacilli not found (in sputum) by microscopy$ but found by bacterial culture,TB pneumonia-cult dx,
011.65,Tuberculous pneumonia [any form]$ tubercle bacilli not found by bacteriological examination$ but tuberculosis confirmed histologically,TB pneumonia-histo dx,
011.66,Tuberculous pneumonia [any form]$ tubercle bacilli not found by bacteriological or histological examination$ but tuberculosis confirmed by other methods [inoculation of animals],TB pneumonia-oth test,
011.70,Tuberculous pneumothorax$ unspecified,TB pneumothorax-unspec,
011.71,Tuberculous pneumothorax$ bacteriological or histological examination not done,TB pneumothorax-no exam,
011.72,Tuberculous pneumothorax$ bacteriological or histological examination unknown (at present),TB pneumothorx-exam unkn,
011.73,Tuberculous pneumothorax$ tubercle bacilli found (in sputum) by microscopy,TB pneumothorax-micro dx,
011.74,Tuberculous pneumothorax$ tubercle bacilli not found (in sputum) by microscopy$ but found by bacterial culture,TB pneumothorax-cult dx,
011.75,Tuberculous pneumothorax$ tubercle bacilli not found by bacteriological examination$ but tuberculosis confirmed histologically,TB pneumothorax-histo dx,
011.76,Tuberculous pneumothorax$ tubercle bacilli not found by bacteriological or histological examination$ but tuberculosis confirmed by other methods [inoculation of animals],TB pneumothorax-oth test,
011.80,Other specified pulmonary tuberculosis$ unspecified,Pulmonary TB NEC-unspec,
011.81,Other specified pulmonary tuberculosis$ bacteriological or histological examination not done,Pulmonary TB NEC-no exam,
011.82,Other specified pulmonary tuberculosis$ bacteriological or histological examination unknown (at present),Pulmon TB NEC-exam unkn,
011.83,Other specified pulmonary tuberculosis$ tubercle bacilli found (in sputum) by microscopy,Pulmon TB NEC-micro dx,
011.84,Other specified pulmonary tuberculosis$ tubercle bacilli not found (in sputum) by microscopy$ but found by bacterial culture,Pulmon TB NEC-cult dx,
011.85,Other specified pulmonary tuberculosis$ tubercle bacilli not found by bacteriological examination$ but tuberculosis confirmed histologically,Pulmon TB NEC-histo dx,
011.86,Other specified pulmonary tuberculosis$ tubercle bacilli not found by bacteriological or histological examination$ but tuberculosis confirmed by other methods [inoculation of animals],Pulmon TB NEC-oth test,
011.90,Pulmonary tuberculosis$ unspecified$ unspecified,Pulmonary TB NOS-unspec,
011.91,Pulmonary tuberculosis$ unspecified$ bacteriological or histological examination not done,Pulmonary TB NOS-no exam,
011.92,Pulmonary tuberculosis$ unspecified$ bacteriological or histological examination unknown (at present),Pulmon TB NOS-exam unkn,
011.93,Pulmonary tuberculosis$ unspecified$ tubercle bacilli found (in sputum) by microscopy,Pulmon TB NOS-micro dx,
011.94,Pulmonary tuberculosis$ unspecified$ tubercle bacilli not found (in sputum) by microscopy$ but found by bacterial culture,Pulmon TB NOS-cult dx,
011.95,Pulmonary tuberculosis$ unspecified$ tubercle bacilli not found by bacteriological examination$ but tuberculosis confirmed histologically,Pulmon TB NOS-histo dx,
011.96,Pulmonary tuberculosis$ unspecified$ tubercle bacilli not found by bacteriological or histological examination$ but tuberculosis confirmed by other methods [inoculation of animals],Pulmon TB NOS-oth test,
012.00,Tuberculous pleurisy$ unspecified,TB pleurisy-unspec,
012.01,Tuberculous pleurisy$ bacteriological or histological examination not done,TB pleurisy-no exam,
012.02,Tuberculous pleurisy$ bacteriological or histological examination unknown (at present),TB pleurisy-exam unkn,
012.03,Tuberculous pleurisy$ tubercle bacilli found (in sputum) by microscopy,TB pleurisy-micro dx,
012.04,Tuberculous pleurisy$ tubercle bacilli not found (in sputum) by microscopy$ but found by bacterial culture,TB pleurisy-cult dx,
012.05,Tuberculous pleurisy$ tubercle bacilli not found by bacteriological examination$ but tuberculosis confirmed histologically,TB pleurisy-histolog dx,
012.06,Tuberculous pleurisy$ tubercle bacilli not found by bacteriological or histological examination$ but tuberculosis confirmed by other methods [inoculation of animals],TB pleurisy-oth test,
012.10,Tuberculosis of intrathoracic lymph nodes$ unspecified,TB thoracic nodes-unspec,
012.11,Tuberculosis of intrathoracic lymph nodes$ bacteriological or histological examination not done,TB thorax node-no exam,
012.12,Tuberculosis of intrathoracic lymph nodes$ bacteriological or histological examination unknown (at present),TB thorax node-exam unkn,
012.13,Tuberculosis of intrathoracic lymph nodes$ tubercle bacilli found (in sputum) by microscopy,TB thorax node-micro dx,
012.14,Tuberculosis of intrathoracic lymph nodes$ tubercle bacilli not found (in sputum) by microscopy$ but found by bacterial culture,TB thorax node-cult dx,
012.15,Tuberculosis of intrathoracic lymph nodes$ tubercle bacilli not found by bacteriological examination$ but tuberculosis confirmed histologically,TB thorax node-histo dx,
012.16,Tuberculosis of intrathoracic lymph nodes$ tubercle bacilli not found by bacteriological or histological examination$ but tuberculosis confirmed by other methods [inoculation of animals],TB thorax node-oth test,
012.20,Isolated tracheal or bronchial tuberculosis$ unspecified,Isol tracheal tb-unspec,
012.21,Isolated tracheal or bronchial tuberculosis$ bacteriological or histological examination not done,Isol tracheal tb-no exam,
012.22,Isolated tracheal or bronchial tuberculosis$ bacteriological or histological examination unknown (at present),Isol trach tb-exam unkn,
012.23,Isolated tracheal or bronchial tuberculosis$ tubercle bacilli found (in sputum) by microscopy,Isolat trach tb-micro dx,
012.24,Isolated tracheal or bronchial tuberculosis$ tubercle bacilli not found (in sputum) by microscopy$ but found by bacterial culture,Isol tracheal tb-cult dx,
012.25,Isolated tracheal or bronchial tuberculosis$ tubercle bacilli not found by bacteriological examination$ but tuberculosis confirmed histologically,Isolat trach tb-histo dx,
012.26,Isolated tracheal or bronchial tuberculosis$ tubercle bacilli not found by bacteriological or histological examination$ but tuberculosis confirmed by other methods [inoculation of animals],Isolat trach tb-oth test,
012.30,Tuberculous laryngitis$ unspecified,TB laryngitis-unspec,
012.31,Tuberculous laryngitis$ bacteriological or histological examination not done,TB laryngitis-no exam,
012.32,Tuberculous laryngitis$ bacteriological or histological examination unknown (at present),TB laryngitis-exam unkn,
012.33,Tuberculous laryngitis$ tubercle bacilli found (in sputum) by microscopy,TB laryngitis-micro dx,
012.34,Tuberculous laryngitis$ tubercle bacilli not found (in sputum) by microscopy$ but found by bacterial culture,TB laryngitis-cult dx,
012.35,Tuberculous laryngitis$ tubercle bacilli not found by bacteriological examination$ but tuberculosis confirmed histologically,TB laryngitis-histo dx,
012.36,Tuberculous laryngitis$ tubercle bacilli not found by bacteriological or histological examination$ but tuberculosis confirmed by other methods [inoculation of animals],TB laryngitis-oth test,
012.80,Other specified respiratory tuberculosis$ unspecified,Resp TB NEC-unspec,
012.81,Other specified respiratory tuberculosis$ bacteriological or histological examination not done,Resp TB NEC-no exam,
012.82,Other specified respiratory tuberculosis$ bacteriological or histological examination unknown (at present),Resp TB NEC-exam unkn,
012.83,Other specified respiratory tuberculosis$ tubercle bacilli found (in sputum) by microscopy,Resp TB NEC-micro dx,
012.84,Other specified respiratory tuberculosis$ tubercle bacilli not found (in sputum) by microscopy$ but found by bacterial culture,Resp TB NEC-cult dx,
012.85,Other specified respiratory tuberculosis$ tubercle bacilli not found by bacteriological examination$ but tuberculosis confirmed histologically,Resp TB NEC-histo dx,
012.86,Other specified respiratory tuberculosis$ tubercle bacilli not found by bacteriological or histological examination$ but tuberculosis confirmed by other methods [inoculation of animals],Resp TB NEC-oth test,
013.00,Tuberculous meningitis$ unspecified,TB meningitis-unspec,
013.01,Tuberculous meningitis$ bacteriological or histological examination not done,TB meningitis-no exam,
013.02,Tuberculous meningitis$ bacteriological or histological examination unknown (at present),TB meningitis-exam unkn,
013.03,Tuberculous meningitis$ tubercle bacilli found (in sputum) by microscopy,TB meningitis-micro dx,
013.04,Tuberculous meningitis$ tubercle bacilli not found (in sputum) by microscopy$ but found by bacterial culture,TB meningitis-cult dx,
013.05,Tuberculous meningitis$ tubercle bacilli not found by bacteriological examination$ but tuberculosis confirmed histologically,TB meningitis-histo dx,
013.06,Tuberculous meningitis$ tubercle bacilli not found by bacteriological or histological examination$ but tuberculosis confirmed by other methods [inoculation of animals],TB meningitis-oth test,
013.10,Tuberculoma of meninges$ unspecified,Tubrclma meninges-unspec,
013.11,Tuberculoma of meninges$ bacteriological or histological examination not done,Tubrclma mening-no exam,
013.12,Tuberculoma of meninges$ bacteriological or histological examination unknown (at present),Tubrclma menin-exam unkn,
013.13,Tuberculoma of meninges$ tubercle bacilli found (in sputum) by microscopy,Tubrclma mening-micro dx,
013.14,Tuberculoma of meninges$ tubercle bacilli not found (in sputum) by microscopy$ but found by bacterial culture,Tubrclma mening-cult dx,
013.15,Tuberculoma of meninges$ tubercle bacilli not found by bacteriological examination$ but tuberculosis confirmed histologically,Tubrclma mening-histo dx,
013.16,Tuberculoma of meninges$ tubercle bacilli not found by bacteriological or histological examination$ but tuberculosis confirmed by other methods [inoculation of animals],Tubrclma mening-oth test,
013.20,Tuberculoma of brain$ unspecified,Tuberculoma brain-unspec,
013.21,Tuberculoma of brain$ bacteriological or histological examination not done,Tubrcloma brain-no exam,
013.22,Tuberculoma of brain$ bacteriological or histological examination unknown (at present),Tubrclma brain-exam unkn,
013.23,Tuberculoma of brain$ tubercle bacilli found (in sputum) by microscopy,Tubrcloma brain-micro dx,
013.24,Tuberculoma of brain$ tubercle bacilli not found (in sputum) by microscopy$ but found by bacterial culture,Tubrcloma brain-cult dx,
013.25,Tuberculoma of brain$ tubercle bacilli not found by bacteriological examination$ but tuberculosis confirmed histologically,Tubrcloma brain-histo dx,
013.26,Tuberculoma of brain$ tubercle bacilli not found by bacteriological or histological examination$ but tuberculosis confirmed by other methods [inoculation of animals],Tubrcloma brain-oth test,
013.30,Tuberculous abscess of brain$ unspecified,TB brain abscess-unspec,
013.31,Tuberculous abscess of brain$ bacteriological or histological examination not done,TB brain abscess-no exam,
013.32,Tuberculous abscess of brain$ bacteriological or histological examination unknown (at present),TB brain absc-exam unkn,
013.33,Tuberculous abscess of brain$ tubercle bacilli found (in sputum) by microscopy,TB brain absc-micro dx,
013.34,Tuberculous abscess of brain$ tubercle bacilli not found (in sputum) by microscopy$ but found by bacterial culture,TB brain abscess-cult dx,
013.35,Tuberculous abscess of brain$ tubercle bacilli not found by bacteriological examination$ but tuberculosis confirmed histologically,TB brain absc-histo dx,
013.36,Tuberculous abscess of brain$ tubercle bacilli not found by bacteriological or histological examination$ but tuberculosis confirmed by other methods [inoculation of animals],TB brain absc-oth test,
013.40,Tuberculoma of spinal cord$ unspecified,Tubrclma sp cord-unspec,
013.41,Tuberculoma of spinal cord$ bacteriological or histological examination not done,Tubrclma sp cord-no exam,
013.42,Tuberculoma of spinal cord$ bacteriological or histological examination unknown (at present),Tubrclma sp cd-exam unkn,
013.43,Tuberculoma of spinal cord$ tubercle bacilli found (in sputum) by microscopy,Tubrclma sp crd-micro dx,
013.44,Tuberculoma of spinal cord$ tubercle bacilli not found (in sputum) by microscopy$ but found by bacterial culture,Tubrclma sp cord-cult dx,
013.45,Tuberculoma of spinal cord$ tubercle bacilli not found by bacteriological examination$ but tuberculosis confirmed histologically,Tubrclma sp crd-histo dx,
013.46,Tuberculoma of spinal cord$ tubercle bacilli not found by bacteriological or histological examination$ but tuberculosis confirmed by other methods [inoculation of animals],Tubrclma sp crd-oth test,
013.50,Tuberculous abscess of spinal cord$ unspecified,TB sp crd abscess-unspec,
013.51,Tuberculous abscess of spinal cord$ bacteriological or histological examination not done,TB sp crd absc-no exam,
013.52,Tuberculous abscess of spinal cord$ bacteriological or histological examination unknown (at present),TB sp crd absc-exam unkn,
013.53,Tuberculous abscess of spinal cord$ tubercle bacilli found (in sputum) by microscopy,TB sp crd absc-micro dx,
013.54,Tuberculous abscess of spinal cord$ tubercle bacilli not found (in sputum) by microscopy$ but found by bacterial culture,TB sp crd absc-cult dx,
013.55,Tuberculous abscess of spinal cord$ tubercle bacilli not found by bacteriological examination$ but tuberculosis confirmed histologically,TB sp crd absc-histo dx,
013.56,Tuberculous abscess of spinal cord$ tubercle bacilli not found by bacteriological or histological examination$ but tuberculosis confirmed by other methods [inoculation of animals],TB sp crd absc-oth test,
013.60,Tuberculous encephalitis or myelitis$ unspecified,TB encephalitis-unspec,
013.61,Tuberculous encephalitis or myelitis$ bacteriological or histological examination not done,TB encephalitis-no exam,
013.62,Tuberculous encephalitis or myelitis$ bacteriological or histological examination unknown (at present),TB encephalit-exam unkn,
013.63,Tuberculous encephalitis or myelitis$ tubercle bacilli found (in sputum) by microscopy,TB encephalitis-micro dx,
013.64,Tuberculous encephalitis or myelitis$ tubercle bacilli not found (in sputum) by microscopy$ but found by bacterial culture,TB encephalitis-cult dx,
013.65,Tuberculous encephalitis or myelitis$ tubercle bacilli not found by bacteriological examination$ but tuberculosis confirmed histologically,TB encephalitis-histo dx,
013.66,Tuberculous encephalitis or myelitis$ tubercle bacilli not found by bacteriological or histological examination$ but tuberculosis confirmed by other methods [inoculation of animals],TB encephalitis-oth test,
013.80,Other specified tuberculosis of central nervous system$ unspecified,Cns TB NEC-unspec,
013.81,Other specified tuberculosis of central nervous system$ bacteriological or histological examination not done,Cns TB NEC-no exam,
013.82,Other specified tuberculosis of central nervous system$ bacteriological or histological examination unknown (at present),Cns TB NEC-exam unkn,
013.83,Other specified tuberculosis of central nervous system$ tubercle bacilli found (in sputum) by microscopy,Cns TB NEC-micro dx,
013.84,Other specified tuberculosis of central nervous system$ tubercle bacilli not found (in sputum) by microscopy$ but found by bacterial culture,Cns TB NEC-cult dx,
013.85,Other specified tuberculosis of central nervous system$ tubercle bacilli not found by bacteriological examination$ but tuberculosis confirmed histologically,Cns TB NEC-histo dx,
013.86,Other specified tuberculosis of central nervous system$ tubercle bacilli not found by bacteriological or histological examination$ but tuberculosis confirmed by other methods [inoculation of animals],Cns TB NEC-oth test,
013.90,Unspecified tuberculosis of central nervous system$ unspecified,Cns TB NOS-unspec,
013.91,Unspecified tuberculosis of central nervous system$ bacteriological or histological examination not done,Cns TB NOS-no exam,
013.92,Unspecified tuberculosis of central nervous system$ bacteriological or histological examination unknown (at present),Cns TB NOS-exam unkn,
013.93,Unspecified tuberculosis of central nervous system$ tubercle bacilli found (in sputum) by microscopy,Cns TB NOS-micro dx,
013.94,Unspecified tuberculosis of central nervous system$ tubercle bacilli not found (in sputum) by microscopy$ but found by bacterial culture,Cns TB NOS-cult dx,
013.95,Unspecified tuberculosis of central nervous system$ tubercle bacilli not found by bacteriological examination$ but tuberculosis confirmed histologically,Cns TB NOS-histo dx,
013.96,Unspecified tuberculosis of central nervous system$ tubercle bacilli not found by bacteriological or histological examination$ but tuberculosis confirmed by other methods [inoculation of animals],Cns TB NOS-oth test,
014.00,Tuberculous peritonitis$ unspecified,TB peritonitis-unspec,
014.01,Tuberculous peritonitis$ bacteriological or histological examination not done,TB peritonitis-no exam,
014.02,Tuberculous peritonitis$ bacteriological or histological examination unknown (at present),TB peritonitis-exam unkn,
014.03,Tuberculous peritonitis$ tubercle bacilli found (in sputum) by microscopy,TB peritonitis-micro dx,
014.04,Tuberculous peritonitis$ tubercle bacilli not found (in sputum) by microscopy$ but found by bacterial culture,TB peritonitis-cult dx,
014.05,Tuberculous peritonitis$ tubercle bacilli not found by bacteriological examination$ but tuberculosis confirmed histologically,TB peritonitis-histo dx,
014.06,Tuberculous peritonitis$ tubercle bacilli not found by bacteriological or histological examination$ but tuberculosis confirmed by other methods [inoculation of animals],TB peritonitis-oth test,
014.80,Other tuberculosis of intestines$ peritoneum$ and mesenteric glands$ unspecified,Intestinal TB NEC-unspec,
014.81,Other tuberculosis of intestines$ peritoneum$ and mesenteric glands$ bacteriological or histological examination not done,Intestin TB NEC-no exam,
014.82,Other tuberculosis of intestines$ peritoneum$ and mesenteric glands$ bacteriological or histological examination unknown (at present),Intest TB NEC-exam unkn,
014.83,Other tuberculosis of intestines$ peritoneum$ and mesenteric glands$ tubercle bacilli found (in sputum) by microscopy,Intestin TB NEC-micro dx,
014.84,Other tuberculosis of intestines$ peritoneum$ and mesenteric glands$ tubercle bacilli not found (in sputum) by microscopy$ but found by bacterial culture,Intestin TB NEC-cult dx,
014.85,Other tuberculosis of intestines$ peritoneum$ and mesenteric glands$ tubercle bacilli not found by bacteriological examination$ but tuberculosis confirmed histologically,Intestin TB NEC-histo dx,
014.86,Other tuberculosis of intestines$ peritoneum$ and mesenteric glands$ tubercle bacilli not found by bacteriological or histological examination$ but tuberculosis confirmed by other methods [inoculation of animals],Intestin TB NEC-oth test,
015.00,Tuberculosis of vertebral column$ unspecified,TB of vertebra-unspec,
015.01,Tuberculosis of vertebral column$ bacteriological or histological examination not done,TB of vertebra-no exam,
015.02,Tuberculosis of vertebral column$ bacteriological or histological examination unknown (at present),TB of vertebra-exam unkn,
015.03,Tuberculosis of vertebral column$ tubercle bacilli found (in sputum) by microscopy,TB of vertebra-micro dx,
015.04,Tuberculosis of vertebral column$ tubercle bacilli not found (in sputum) by microscopy$ but found by bacterial culture,TB of vertebra-cult dx,
015.05,Tuberculosis of vertebral column$ tubercle bacilli not found by bacteriological examination$ but tuberculosis confirmed histologically,TB of vertebra-histo dx,
015.06,Tuberculosis of vertebral column$ tubercle bacilli not found by bacteriological or histological examination$ but tuberculosis confirmed by other methods [inoculation of animals],TB of vertebra-oth test,
015.10,Tuberculosis of hip$ unspecified,TB of hip-unspec,
015.11,Tuberculosis of hip$ bacteriological or histological examination not done,TB of hip-no exam,
015.12,Tuberculosis of hip$ bacteriological or histological examination unknown (at present),TB of hip-exam unkn,
015.13,Tuberculosis of hip$ tubercle bacilli found (in sputum) by microscopy,TB of hip-micro dx,
015.14,Tuberculosis of hip$ tubercle bacilli not found (in sputum) by microscopy$ but found by bacterial culture,TB of hip-cult dx,
015.15,Tuberculosis of hip$ tubercle bacilli not found by bacteriological examination$ but tuberculosis confirmed histologically,TB of hip-histo dx,
015.16,Tuberculosis of hip$ tubercle bacilli not found by bacteriological or histological examination$ but tuberculosis confirmed by other methods [inoculation of animals],TB of hip-oth test,
015.20,Tuberculosis of knee$ unspecified,TB of knee-unspec,
015.21,Tuberculosis of knee$ bacteriological or histological examination not done,TB of knee-no exam,
015.22,Tuberculosis of knee$ bacteriological or histological examination unknown (at present),TB of knee-exam unkn,
015.23,Tuberculosis of knee$ tubercle bacilli found (in sputum) by microscopy,TB of knee-micro dx,
015.24,Tuberculosis of knee$ tubercle bacilli not found (in sputum) by microscopy$ but found by bacterial culture,TB of knee-cult dx,
015.25,Tuberculosis of knee$ tubercle bacilli not found by bacteriological examination$ but tuberculosis confirmed histologically,TB of knee-histo dx,
015.26,Tuberculosis of knee$ tubercle bacilli not found by bacteriological or histological examination$ but tuberculosis confirmed by other methods [inoculation of animals],TB of knee-oth test,
015.50,Tuberculosis of limb bones$ unspecified,TB of limb bones-unspec,
015.51,Tuberculosis of limb bones$ bacteriological or histological examination not done,TB limb bones-no exam,
015.52,Tuberculosis of limb bones$ bacteriological or histological examination unknown (at present),TB limb bones-exam unkn,
015.53,Tuberculosis of limb bones$ tubercle bacilli found (in sputum) by microscopy,TB limb bones-micro dx,
015.54,Tuberculosis of limb bones$ tubercle bacilli not found (in sputum) by microscopy$ but found by bacterial culture,TB limb bones-cult dx,
015.55,Tuberculosis of limb bones$ tubercle bacilli not found by bacteriological examination$ but tuberculosis confirmed histologically,TB limb bones-histo dx,
015.56,Tuberculosis of limb bones$ tubercle bacilli not found by bacteriological or histological examination$ but tuberculosis confirmed by other methods [inoculation of animals],TB limb bones-oth test,
015.60,Tuberculosis of mastoid$ unspecified,TB of mastoid-unspec,
015.61,Tuberculosis of mastoid$ bacteriological or histological examination not done,TB of mastoid-no exam,
015.62,Tuberculosis of mastoid$ bacteriological or histological examination unknown (at present),TB of mastoid-exam unkn,
015.63,Tuberculosis of mastoid$ tubercle bacilli found (in sputum) by microscopy,TB of mastoid-micro dx,
015.64,Tuberculosis of mastoid$ tubercle bacilli not found (in sputum) by microscopy$ but found by bacterial culture,TB of mastoid-cult dx,
015.65,Tuberculosis of mastoid$ tubercle bacilli not found by bacteriological examination$ but tuberculosis confirmed histologically,TB of mastoid-histo dx,
015.66,Tuberculosis of mastoid$ tubercle bacilli not found by bacteriological or histological examination$ but tuberculosis confirmed by other methods [inoculation of animals],TB of mastoid-oth test,
015.70,Tuberculosis of other specified bone$ unspecified,TB of bone NEC-unspec,
015.71,Tuberculosis of other specified bone$ bacteriological or histological examination not done,TB of bone NEC-no exam,
015.72,Tuberculosis of other specified bone$ bacteriological or histological examination unknown (at present),TB of bone NEC-exam unkn,
015.73,Tuberculosis of other specified bone$ tubercle bacilli found (in sputum) by microscopy,TB of bone NEC-micro dx,
015.74,Tuberculosis of other specified bone$ tubercle bacilli not found (in sputum) by microscopy$ but found by bacterial culture,TB of bone NEC-cult dx,
015.75,Tuberculosis of other specified bone$ tubercle bacilli not found by bacteriological examination$ but tuberculosis confirmed histologically,TB of bone NEC-histo dx,
015.76,Tuberculosis of other specified bone$ tubercle bacilli not found by bacteriological or histological examination$ but tuberculosis confirmed by other methods [inoculation of animals],TB of bone NEC-oth test,
015.80,Tuberculosis of other specified joint$ unspecified,TB of joint NEC-unspec,
015.81,Tuberculosis of other specified joint$ bacteriological or histological examination not done,TB of joint NEC-no exam,
015.82,Tuberculosis of other specified joint$ bacteriological or histological examination unknown (at present),TB joint NEC-exam unkn,
015.83,Tuberculosis of other specified joint$ tubercle bacilli found (in sputum) by microscopy,TB of joint NEC-micro dx,
015.84,Tuberculosis of other specified joint$ tubercle bacilli not found (in sputum) by microscopy$ but found by bacterial culture,TB of joint NEC-cult dx,
015.85,Tuberculosis of other specified joint$ tubercle bacilli not found by bacteriological examination$ but tuberculosis confirmed histologically,TB of joint NEC-histo dx,
015.86,Tuberculosis of other specified joint$ tubercle bacilli not found by bacteriological or histological examination$ but tuberculosis confirmed by other methods [inoculation of animals],TB of joint NEC-oth test,
015.90,Tuberculosis of unspecified bones and joints$ unspecified,TB bone/joint NOS-unspec,
015.91,Tuberculosis of unspecified bones and joints$ bacteriological or histological examination not done,TB bone/jt NOS-no exam,
015.92,Tuberculosis of unspecified bones and joints$ bacteriological or histological examination unknown (at present),TB bone/jt NOS-exam unkn,
015.93,Tuberculosis of unspecified bones and joints$ tubercle bacilli found (in sputum) by microscopy,TB bone/jt NOS-micro dx,
015.94,Tuberculosis of unspecified bones and joints$ tubercle bacilli not found (in sputum) by microscopy$ but found by bacterial culture,TB bone/jt NOS-cult dx,
015.95,Tuberculosis of unspecified bones and joints$ tubercle bacilli not found by bacteriological examination$ but tuberculosis confirmed histologically,TB bone/jt NOS-histo dx,
015.96,Tuberculosis of unspecified bones and joints$ tubercle bacilli not found by bacteriological or histological examination$ but tuberculosis confirmed by other methods [inoculation of animals],TB bone/jt NOS-oth test,
016.00,Tuberculosis of kidney$ unspecified,TB of kidney-unspec,
016.01,Tuberculosis of kidney$ bacteriological or histological examination not done,TB of kidney-no exam,
016.02,Tuberculosis of kidney$ bacteriological or histological examination unknown (at present),TB of kidney-exam unkn,
016.03,Tuberculosis of kidney$ tubercle bacilli found (in sputum) by microscopy,TB of kidney-micro dx,
016.04,Tuberculosis of kidney$ tubercle bacilli not found (in sputum) by microscopy$ but found by bacterial culture,TB of kidney-cult dx,
016.05,Tuberculosis of kidney$ tubercle bacilli not found by bacteriological examination$ but tuberculosis confirmed histologically,TB of kidney-histo dx,
016.06,Tuberculosis of kidney$ tubercle bacilli not found by bacteriological or histological examination$ but tuberculosis confirmed by other methods [inoculation of animals],TB of kidney-oth test,
016.10,Tuberculosis of bladder$ unspecified,TB of bladder-unspec,
016.11,Tuberculosis of bladder$ bacteriological or histological examination not done,TB of bladder-no exam,
016.12,Tuberculosis of bladder$ bacteriological or histological examination unknown (at present),TB of bladder-exam unkn,
016.13,Tuberculosis of bladder$ tubercle bacilli found (in sputum) by microscopy,TB of bladder-micro dx,
016.14,Tuberculosis of bladder$ tubercle bacilli not found (in sputum) by microscopy$ but found by bacterial culture,TB of bladder-cult dx,
016.15,Tuberculosis of bladder$ tubercle bacilli not found by bacteriological examination$ but tuberculosis confirmed histologically,TB of bladder-histo dx,
016.16,Tuberculosis of bladder$ tubercle bacilli not found by bacteriological or histological examination$ but tuberculosis confirmed by other methods [inoculation of animals],TB of bladder-oth test,
016.20,Tuberculosis of ureter$ unspecified,TB of ureter-unspec,
016.21,Tuberculosis of ureter$ bacteriological or histological examination not done,TB of ureter-no exam,
016.22,Tuberculosis of ureter$ bacteriological or histological examination unknown (at present),TB of ureter-exam unkn,
016.23,Tuberculosis of ureter$ tubercle bacilli found (in sputum) by microscopy,TB of ureter-micro dx,
016.24,Tuberculosis of ureter$ tubercle bacilli not found (in sputum) by microscopy$ but found by bacterial culture,TB of ureter-cult dx,
016.25,Tuberculosis of ureter$ tubercle bacilli not found by bacteriological examination$ but tuberculosis confirmed histologically,TB of ureter-histo dx,
016.26,Tuberculosis of ureter$ tubercle bacilli not found by bacteriological or histological examination$ but tuberculosis confirmed by other methods [inoculation of animals],TB of ureter-oth test,
016.30,Tuberculosis of other urinary organs$ unspecified,TB urinary NEC-unspec,
016.31,Tuberculosis of other urinary organs$ bacteriological or histological examination not done,TB urinary NEC-no exam,
016.32,Tuberculosis of other urinary organs$ bacteriological or histological examination unknown (at present),TB urinary NEC-exam unkn,
016.33,Tuberculosis of other urinary organs$ tubercle bacilli found (in sputum) by microscopy,TB urinary NEC-micro dx,
016.34,Tuberculosis of other urinary organs$ tubercle bacilli not found (in sputum) by microscopy$ but found by bacterial culture,TB urinary NEC-cult dx,
016.35,Tuberculosis of other urinary organs$ tubercle bacilli not found by bacteriological examination$ but tuberculosis confirmed histologically,TB urinary NEC-histo dx,
016.36,Tuberculosis of other urinary organs$ tubercle bacilli not found by bacteriological or histological examination$ but tuberculosis confirmed by other methods [inoculation of animals],TB urinary NEC-oth test,
016.40,Tuberculosis of epididymis$ unspecified,TB epididymis-unspec,
016.41,Tuberculosis of epididymis$ bacteriological or histological examination not done,TB epididymis-no exam,
016.42,Tuberculosis of epididymis$ bacteriological or histological examination unknown (at present),TB epididymis-exam unkn,
016.43,Tuberculosis of epididymis$ tubercle bacilli found (in sputum) by microscopy,TB epididymis-micro dx,
016.44,Tuberculosis of epididymis$ tubercle bacilli not found (in sputum) by microscopy$ but found by bacterial culture,TB epididymis-cult dx,
016.45,Tuberculosis of epididymis$ tubercle bacilli not found by bacteriological examination$ but tuberculosis confirmed histologically,TB epididymis-histo dx,
016.46,Tuberculosis of epididymis$ tubercle bacilli not found by bacteriological or histological examination$ but tuberculosis confirmed by other methods [inoculation of animals],TB epididymis-oth test,
016.50,Tuberculosis of other male genital organs$ unspecified,TB male genit NEC-unspec,
016.51,Tuberculosis of other male genital organs$ bacteriological or histological examination not done,TB male gen NEC-no exam,
016.52,Tuberculosis of other male genital organs$ bacteriological or histological examination unknown (at present),TB male gen NEC-ex unkn,
016.53,Tuberculosis of other male genital organs$ tubercle bacilli found (in sputum) by microscopy,TB male gen NEC-micro dx,
016.54,Tuberculosis of other male genital organs$ tubercle bacilli not found (in sputum) by microscopy$ but found by bacterial culture,TB male gen NEC-cult dx,
016.55,Tuberculosis of other male genital organs$ tubercle bacilli not found by bacteriological examination$ but tuberculosis confirmed histologically,TB male gen NEC-histo dx,
016.56,Tuberculosis of other male genital organs$ tubercle bacilli not found by bacteriological or histological examination$ but tuberculosis confirmed by other methods [inoculation of animals],TB male gen NEC-oth test,
016.60,Tuberculous oophoritis and salpingitis$ unspecified,TB ovary & tube-unspec,
016.61,Tuberculous oophoritis and salpingitis$ bacteriological or histological examination not done,TB ovary & tube-no exam,
016.62,Tuberculous oophoritis and salpingitis$ bacteriological or histological examination unknown (at present),TB ovary/tube-exam unkn,
016.63,Tuberculous oophoritis and salpingitis$ tubercle bacilli found (in sputum) by microscopy,TB ovary & tube-micro dx,
016.64,Tuberculous oophoritis and salpingitis$ tubercle bacilli not found (in sputum) by microscopy$ but found by bacterial culture,TB ovary & tube-cult dx,
016.65,Tuberculous oophoritis and salpingitis$ tubercle bacilli not found by bacteriological examination$ but tuberculosis confirmed histologically,TB ovary & tube-histo dx,
016.66,Tuberculous oophoritis and salpingitis$ tubercle bacilli not found by bacteriological or histological examination$ but tuberculosis confirmed by other methods [inoculation of animals],TB ovary & tube-oth test,
016.70,Tuberculosis of other female genital organs$ unspecified,TB female gen NEC-unspec,
016.71,Tuberculosis of other female genital organs$ bacteriological or histological examination not done,TB fem gen NEC-no exam,
016.72,Tuberculosis of other female genital organs$ bacteriological or histological examination unknown (at present),TB fem gen NEC-exam unkn,
016.73,Tuberculosis of other female genital organs$ tubercle bacilli found (in sputum) by microscopy,TB fem gen NEC-micro dx,
016.74,Tuberculosis of other female genital organs$ tubercle bacilli not found (in sputum) by microscopy$ but found by bacterial culture,TB fem gen NEC-cult dx,
016.75,Tuberculosis of other female genital organs$ tubercle bacilli not found by bacteriological examination$ but tuberculosis confirmed histologically,TB fem gen NEC-histo dx,
016.76,Tuberculosis of other female genital organs$ tubercle bacilli not found by bacteriological or histological examination$ but tuberculosis confirmed by other methods [inoculation of animals],TB fem gen NEC-oth test,
016.90,Genitourinary tuberculosis$ unspecified$ unspecified,Gu TB NOS-unspec,
016.91,Genitourinary tuberculosis$ unspecified$ bacteriological or histological examination not done,Gu TB NOS-no exam,
016.92,Genitourinary tuberculosis$ unspecified$ bacteriological or histological examination unknown (at present),Gu TB NOS-exam unkn,
016.93,Genitourinary tuberculosis$ unspecified$ tubercle bacilli found (in sputum) by microscopy,Gu TB NOS-micro dx,
016.94,Genitourinary tuberculosis$ unspecified$ tubercle bacilli not found (in sputum) by microscopy$ but found by bacterial culture,Gu TB NOS-cult dx,
016.95,Genitourinary tuberculosis$ unspecified$ tubercle bacilli not found by bacteriological examination$ but tuberculosis confirmed histologically,Gu TB NOS-histo dx,
016.96,Genitourinary tuberculosis$ unspecified$ tubercle bacilli not found by bacteriological or histological examination$ but tuberculosis confirmed by other methods [inoculation of animals],Gu TB NOS-oth test,
017.00,Tuberculosis of skin and subcutaneous cellular tissue$ unspecified,TB skin/subcutan-unspec,
017.01,Tuberculosis of skin and subcutaneous cellular tissue$ bacteriological or histological examination not done,TB skin/subcut-no exam,
017.02,Tuberculosis of skin and subcutaneous cellular tissue$ bacteriological or histological examination unknown (at present),TB skin/subcut-exam unkn,
017.03,Tuberculosis of skin and subcutaneous cellular tissue$ tubercle bacilli found (in sputum) by microscopy,TB skin/subcut-micro dx,
017.04,Tuberculosis of skin and subcutaneous cellular tissue$ tubercle bacilli not found (in sputum) by microscopy$ but found by bacterial culture,TB skin/subcut-cult dx,
017.05,Tuberculosis of skin and subcutaneous cellular tissue$ tubercle bacilli not found by bacteriological examination$ but tuberculosis confirmed histologically,TB skin/subcut-histo dx,
017.06,Tuberculosis of skin and subcutaneous cellular tissue$ tubercle bacilli not found by bacteriological or histological examination$ but tuberculosis confirmed by other methods [inoculation of animals],TB skin/subcut-oth test,
017.10,Erythema nodosum with hypersensitivity reaction in tuberculosis$ unspecified,Erythema nodos tb-unspec,
017.11,Erythema nodosum with hypersensitivity reaction in tuberculosis$ bacteriological or histological examination not done,Erythem nodos tb-no exam,
017.12,Erythema nodosum with hypersensitivity reaction in tuberculosis$ bacteriological or histological examination unknown (at present),Erythem nod tb-exam unkn,
017.13,Erythema nodosum with hypersensitivity reaction in tuberculosis$ tubercle bacilli found (in sputum) by microscopy,Erythem nod tb-micro dx,
017.14,Erythema nodosum with hypersensitivity reaction in tuberculosis$ tubercle bacilli not found (in sputum) by microscopy$ but found by bacterial culture,Erythem nodos tb-cult dx,
017.15,Erythema nodosum with hypersensitivity reaction in tuberculosis$ tubercle bacilli not found by bacteriological examination$ but tuberculosis confirmed histologically,Erythem nod tb-histo dx,
017.16,Erythema nodosum with hypersensitivity reaction in tuberculosis$ tubercle bacilli not found by bacteriological or histological examination$ but tuberculosis confirmed by other methods [inoculation of animals],Erythem nod tb-oth test,
017.20,Tuberculosis of peripheral lymph nodes$ unspecified,TB periph lymph-unspec,
017.21,Tuberculosis of peripheral lymph nodes$ bacteriological or histological examination not done,TB periph lymph-no exam,
017.22,Tuberculosis of peripheral lymph nodes$ bacteriological or histological examination unknown (at present),TB periph lymph-exam unk,
017.23,Tuberculosis of peripheral lymph nodes$ tubercle bacilli found (in sputum) by microscopy,TB periph lymph-micro dx,
017.24,Tuberculosis of peripheral lymph nodes$ tubercle bacilli not found (in sputum) by microscopy$ but found by bacterial culture,TB periph lymph-cult dx,
017.25,Tuberculosis of peripheral lymph nodes$ tubercle bacilli not found by bacteriological examination$ but tuberculosis confirmed histologically,TB periph lymph-histo dx,
017.26,Tuberculosis of peripheral lymph nodes$ tubercle bacilli not found by bacteriological or histological examination$ but tuberculosis confirmed by other methods [inoculation of animals],TB periph lymph-oth test,
017.30,Tuberculosis of eye$ unspecified,TB of eye-unspec,
017.31,Tuberculosis of eye$ bacteriological or histological examination not done,TB of eye-no exam,
017.32,Tuberculosis of eye$ bacteriological or histological examination unknown (at present),TB of eye-exam unkn,
017.33,Tuberculosis of eye$ tubercle bacilli found (in sputum) by microscopy,TB of eye-micro dx,
017.34,Tuberculosis of eye$ tubercle bacilli not found (in sputum) by microscopy$ but found by bacterial culture,TB of eye-cult dx,
017.35,Tuberculosis of eye$ tubercle bacilli not found by bacteriological examination$ but tuberculosis confirmed histologically,TB of eye-histo dx,
017.36,Tuberculosis of eye$ tubercle bacilli not found by bacteriological or histological examination$ but tuberculosis confirmed by other methods [inoculation of animals],TB of eye-oth test,
017.40,Tuberculosis of ear$ unspecified,TB of ear-unspec,
017.41,Tuberculosis of ear$ bacteriological or histological examination not done,TB of ear-no exam,
017.42,Tuberculosis of ear$ bacteriological or histological examination unknown (at present),TB of ear-exam unkn,
017.43,Tuberculosis of ear$ tubercle bacilli found (in sputum) by microscopy,TB of ear-micro dx,
017.44,Tuberculosis of ear$ tubercle bacilli not found (in sputum) by microscopy$ but found by bacterial culture,TB of ear-cult dx,
017.45,Tuberculosis of ear$ tubercle bacilli not found by bacteriological examination$ but tuberculosis confirmed histologically,TB of ear-histo dx,
017.46,Tuberculosis of ear$ tubercle bacilli not found by bacteriological or histological examination$ but tuberculosis confirmed by other methods [inoculation of animals],TB of ear-oth test,
017.50,Tuberculosis of thyroid gland$ unspecified,TB of thyroid-unspec,
017.51,Tuberculosis of thyroid gland$ bacteriological or histological examination not done,TB of thyroid-no exam,
017.52,Tuberculosis of thyroid gland$ bacteriological or histological examination unknown (at present),TB of thyroid-exam unkn,
017.53,Tuberculosis of thyroid gland$ tubercle bacilli found (in sputum) by microscopy,TB of thyroid-micro dx,
017.54,Tuberculosis of thyroid gland$ tubercle bacilli not found (in sputum) by microscopy$ but found by bacterial culture,TB of thyroid-cult dx,
017.55,Tuberculosis of thyroid gland$ tubercle bacilli not found by bacteriological examination$ but tuberculosis confirmed histologically,TB of thyroid-histo dx,
017.56,Tuberculosis of thyroid gland$ tubercle bacilli not found by bacteriological or histological examination$ but tuberculosis confirmed by other methods [inoculation of animals],TB of thyroid-oth test,
017.60,Tuberculosis of adrenal glands$ unspecified,TB of adrenal-unspec,
017.61,Tuberculosis of adrenal glands$ bacteriological or histological examination not done,TB of adrenal-no exam,
017.62,Tuberculosis of adrenal glands$ bacteriological or histological examination unknown (at present),TB of adrenal-exam unkn,
017.63,Tuberculosis of adrenal glands$ tubercle bacilli found (in sputum) by microscopy,TB of adrenal-micro dx,
017.64,Tuberculosis of adrenal glands$ tubercle bacilli not found (in sputum) by microscopy$ but found by bacterial culture,TB of adrenal-cult dx,
017.65,Tuberculosis of adrenal glands$ tubercle bacilli not found by bacteriological examination$ but tuberculosis confirmed histologically,TB of adrenal-histo dx,
017.66,Tuberculosis of adrenal glands$ tubercle bacilli not found by bacteriological or histological examination$ but tuberculosis confirmed by other methods [inoculation of animals],TB of adrenal-oth test,
017.70,Tuberculosis of spleen$ unspecified,TB of spleen-unspec,
017.71,Tuberculosis of spleen$ bacteriological or histological examination not done,TB of spleen-no exam,
017.72,Tuberculosis of spleen$ bacteriological or histological examination unknown (at present),TB of spleen-exam unkn,
017.73,Tuberculosis of spleen$ tubercle bacilli found (in sputum) by microscopy,TB of spleen-micro dx,
017.74,Tuberculosis of spleen$ tubercle bacilli not found (in sputum) by microscopy$ but found by bacterial culture,TB of spleen-cult dx,
017.75,Tuberculosis of spleen$ tubercle bacilli not found by bacteriological examination$ but tuberculosis confirmed histologically,TB of spleen-histo dx,
017.76,Tuberculosis of spleen$ tubercle bacilli not found by bacteriological or histological examination$ but tuberculosis confirmed by other methods [inoculation of animals],TB of spleen-oth test,
017.80,Tuberculosis of esophagus$ unspecified,TB esophagus-unspec,
017.81,Tuberculosis of esophagus$ bacteriological or histological examination not done,TB esophagus-no exam,
017.82,Tuberculosis of esophagus$ bacteriological or histological examination unknown (at present),TB esophagus-exam unkn,
017.83,Tuberculosis of esophagus$ tubercle bacilli found (in sputum) by microscopy,TB esophagus-micro dx,
017.84,Tuberculosis of esophagus$ tubercle bacilli not found (in sputum) by microscopy$ but found by bacterial culture,TB esophagus-cult dx,
017.85,Tuberculosis of esophagus$ tubercle bacilli not found by bacteriological examination$ but tuberculosis confirmed histologically,TB esophagus-histo dx,
017.86,Tuberculosis of esophagus$ tubercle bacilli not found by bacteriological or histological examination$ but tuberculosis confirmed by other methods [inoculation of animals],TB esophagus-oth test,
017.90,Tuberculosis of other specified organs$ unspecified,TB of organ NEC-unspec,
017.91,Tuberculosis of other specified organs$ bacteriological or histological examination not done,TB of organ NEC-no exam,
017.92,Tuberculosis of other specified organs$ bacteriological or histological examination unknown (at present),TB organ NEC-exam unkn,
017.93,Tuberculosis of other specified organs$ tubercle bacilli found (in sputum) by microscopy,TB of organ NEC-micro dx,
017.94,Tuberculosis of other specified organs$ tubercle bacilli not found (in sputum) by microscopy$ but found by bacterial culture,TB of organ NEC-cult dx,
017.95,Tuberculosis of other specified organs$ tubercle bacilli not found by bacteriological examination$ but tuberculosis confirmed histologically,TB of organ NEC-histo dx,
017.96,Tuberculosis of other specified organs$ tubercle bacilli not found by bacteriological or histological examination$ but tuberculosis confirmed by other methods [inoculation of animals],TB of organ NEC-oth test,
018.00,Acute miliary tuberculosis$ unspecified,Acute miliary tb-unspec,
018.01,Acute miliary tuberculosis$ bacteriological or histological examination not done,Acute miliary tb-no exam,
018.02,Acute miliary tuberculosis$ bacteriological or histological examination unknown (at present),Ac miliary tb-exam unkn,
018.03,Acute miliary tuberculosis$ tubercle bacilli found (in sputum) by microscopy,Ac miliary tb-micro dx,
018.04,Acute miliary tuberculosis$ tubercle bacilli not found (in sputum) by microscopy$ but found by bacterial culture,Acute miliary tb-cult dx,
018.05,Acute miliary tuberculosis$ tubercle bacilli not found by bacteriological examination$ but tuberculosis confirmed histologically,Ac miliary tb-histo dx,
018.06,Acute miliary tuberculosis$ tubercle bacilli not found by bacteriological or histological examination$ but tuberculosis confirmed by other methods [inoculation of animals],Ac miliary tb-oth test,
018.80,Other specified miliary tuberculosis$ unspecified,Miliary TB NEC-unspec,
018.81,Other specified miliary tuberculosis$ bacteriological or histological examination not done,Miliary TB NEC-no exam,
018.82,Other specified miliary tuberculosis$ bacteriological or histological examination unknown (at present),Miliary TB NEC-exam unkn,
018.83,Other specified miliary tuberculosis$ tubercle bacilli found (in sputum) by microscopy,Miliary TB NEC-micro dx,
018.84,Other specified miliary tuberculosis$ tubercle bacilli not found (in sputum) by microscopy$ but found by bacterial culture,Miliary TB NEC-cult dx,
018.85,Other specified miliary tuberculosis$ tubercle bacilli not found by bacteriological examination$ but tuberculosis confirmed histologically,Miliary TB NEC-histo dx,
018.86,Other specified miliary tuberculosis$ tubercle bacilli not found by bacteriological or histological examination$ but tuberculosis confirmed by other methods [inoculation of animals],Miliary TB NEC-oth test,
018.90,Miliary tuberculosis$ unspecified$ unspecified,Miliary TB NOS-unspec,
018.91,Miliary tuberculosis$ unspecified$ bacteriological or histological examination not done,Miliary TB NOS-no exam,
018.92,Miliary tuberculosis$ unspecified$ bacteriological or histological examination unknown (at present),Miliary TB NOS-exam unkn,
018.93,Miliary tuberculosis$ unspecified$ tubercle bacilli found (in sputum) by microscopy,Miliary TB NOS-micro dx,
018.94,Miliary tuberculosis$ unspecified$ tubercle bacilli not found (in sputum) by microscopy$ but found by bacterial culture,Miliary TB NOS-cult dx,
018.95,Miliary tuberculosis$ unspecified$ tubercle bacilli not found by bacteriological examination$ but tuberculosis confirmed histologically,Miliary TB NOS-histo dx,
018.96,Miliary tuberculosis$ unspecified$ tubercle bacilli not found by bacteriological or histological examination$ but tuberculosis confirmed by other methods [inoculation of animals],Miliary TB NOS-oth test,
020.0,Bubonic plague,Bubonic plague,
020.1,Cellulocutaneous plague,Cellulocutaneous plague,
020.2,Septicemic plague,Septicemic plague,
020.3,Primary pneumonic plague,Primary pneumonic plague,
020.4,Secondary pneumonic plague,Secondary pneumon plague,
020.5,Pneumonic plague$ unspecified,Pneumonic plague NOS,
020.8,Other specified types of plague,Other types of plague,
020.9,Plague$ unspecified,Plague NOS,
021.0,Ulceroglandular tularemia,Ulceroglandul tularemia,
021.1,Enteric tularemia,Enteric tularemia,
021.2,Pulmonary tularemia,Pulmonary tularemia,
021.3,Oculoglandular tularemia,Oculoglandular tularemia,
021.8,Other specified tularemia,Tularemia NEC,
021.9,Unspecified tularemia,Tularemia NOS,
022.0,Cutaneous anthrax,Cutaneous anthrax,
022.1,Pulmonary anthrax,Pulmonary anthrax,
022.2,Gastrointestinal anthrax,Gastrointestinal anthrax,
022.3,Anthrax septicemia,Anthrax septicemia,
022.8,Other specified manifestations of anthrax,Other anthrax manifest,
022.9,Anthrax$ unspecified,Anthrax NOS,
023.0,Brucella melitensis,Brucella melitensis,
023.1,Brucella abortus,Brucella abortus,
023.2,Brucella suis,Brucella suis,
023.3,Brucella canis,Brucella canis,
023.8,Other brucellosis,Brucellosis NEC,
023.9,Brucellosis$ unspecified,Brucellosis NOS,
024,Glanders,Glanders,
025,Melioidosis,Melioidosis,
026.0,Spirillary fever,Spirillary fever,
026.1,Streptobacillary fever,Streptobacillary fever,
026.9,Unspecified rat-bite fever,Rat-bite fever NOS,
027.0,Listeriosis,Listeriosis,
027.1,Erysipelothrix infection,Erysipelothrix infection,
027.2,Pasteurellosis,Pasteurellosis,
027.8,Other specified zoonotic bacterial diseases,Zoonotic bact dis NEC,
027.9,Unspecified zoonotic bacterial disease,Zoonotic bact dis NOS,
030.0,Lepromatous leprosy [type L],Lepromatous leprosy,
030.1,Tuberculoid leprosy [type T],Tuberculoid leprosy,
030.2,Indeterminate leprosy [group I],Indeterminate leprosy,
030.3,Borderline leprosy [group B],Borderline leprosy,
030.8,Other specified leprosy,Leprosy NEC,
030.9,Leprosy$ unspecified,Leprosy NOS,
031.0,Pulmonary diseases due to other mycobacteria,Pulmonary mycobacteria,
031.1,Cutaneous diseases due to other mycobacteria,Cutaneous mycobacteria,
031.2,Disseminated due to other mycobacteria,DMAC bacteremia,
031.8,Other specified mycobacterial diseases,Mycobacterial dis NEC,
031.9,Unspecified diseases due to mycobacteria,Mycobacterial dis NOS,
032.0,Faucial diphtheria,Faucial diphtheria,
032.1,Nasopharyngeal diphtheria,Nasopharynx diphtheria,
032.2,Anterior nasal diphtheria,Ant nasal diphtheria,
032.3,Laryngeal diphtheria,Laryngeal diphtheria,
032.81,Conjunctival diphtheria,Conjunctival diphtheria,
032.82,Diphtheritic myocarditis,Diphtheritic myocarditis,
032.83,Diphtheritic peritonitis,Diphtheritic peritonitis,
032.84,Diphtheritic cystitis,Diphtheritic cystitis,
032.85,Cutaneous diphtheria,Cutaneous diphtheria,
032.89,Other specified diphtheria,Diphtheria NEC,
032.9,Diphtheria$ unspecified,Diphtheria NOS,
033.0,Whooping cough due to bordetella pertussis [B. pertussis],Bordetella pertussis,
033.1,Whooping cough due to bordetella parapertussis [B. parapertussis],Bordetella parapertussis,
033.8,Whooping cough due to other specified organism,Whooping cough NEC,
033.9,Whooping cough$ unspecified organism,Whooping cough NOS,
034.0,Streptococcal sore throat,Strep sore throat,
034.1,Scarlet fever,Scarlet fever,
035,Erysipelas,Erysipelas,
036.0,Meningococcal meningitis,Meningococcal meningitis,
036.1,Meningococcal encephalitis,Meningococc encephalitis,
036.2,Meningococcemia,Meningococcemia,
036.3,Waterhouse-Friderichsen syndrome$ meningococcal,Meningococc adrenal synd,
036.40,Meningococcal carditis$ unspecified,Meningococc carditis NOS,
036.41,Meningococcal pericarditis,Meningococc pericarditis,
036.42,Meningococcal endocarditis,Meningococc endocarditis,
036.43,Meningococcal myocarditis,Meningococc myocarditis,
036.81,Meningococcal optic neuritis,Meningococc optic neurit,
036.82,Meningococcal arthropathy,Meningococc arthropathy,
036.89,Other specified meningococcal infections,Meningococcal infect NEC,
036.9,Meningococcal infection$ unspecified,Meningococcal infect NOS,
037,Tetanus,Tetanus,
038.0,Streptococcal septicemia,Streptococcal septicemia,
038.10,Staphylococcal septicemia$ unspecified,Staphylcocc septicem NOS,
038.11,Methicillin susceptible Staphylococcus aureus septicemia,Meth susc Staph aur sept,
038.12,Methicillin resistant Staphylococcus aureus septicemia,MRSA septicemia,
038.19,Other staphylococcal septicemia,Staphylcocc septicem NEC,
038.2,Pneumococcal septicemia [Streptococcus pneumoniae septicemia],Pneumococcal septicemia,
038.3,Septicemia due to anaerobes,Anaerobic septicemia,
038.40,Septicemia due to gram-negative organism$ unspecified,Gram-neg septicemia NOS,
038.41,Septicemia due to hemophilus influenzae [H. influenzae],H. influenae septicemia,
038.42,Septicemia due to escherichia coli [E. coli],E coli septicemia,
038.43,Septicemia due to pseudomonas,Pseudomonas septicemia,
038.44,Septicemia due to serratia,Serratia septicemia,
038.49,Other septicemia due to gram-negative organisms,Gram-neg septicemia NEC,
038.8,Other specified septicemias,Septicemia NEC,
038.9,Unspecified septicemia,Septicemia NOS,
039.0,Cutaneous actinomycotic infection,Cutaneous actinomycosis,
039.1,Pulmonary actinomycotic infection,Pulmonary actinomycosis,
039.2,Abdominal actinomycotic infection,Abdominal actinomycosis,
039.3,Cervicofacial actinomycotic infection,Cervicofac actinomycosis,
039.4,Madura foot,Madura foot,
039.8,Actinomycotic infection of other specified sites,Actinomycosis NEC,
039.9,Actinomycotic infection of unspecified site,Actinomycosis NOS,
040.0,Gas gangrene,Gas gangrene,
040.1,Rhinoscleroma,Rhinoscleroma,
040.2,Whipple's disease,Whipple's disease,
040.3,Necrobacillosis,Necrobacillosis,
040.41,Infant botulism,Infant botulism,
040.42,Wound botulism,Wound botulism,
040.81,Tropical pyomyositis,Tropical pyomyositis,
040.82,Toxic shock syndrome,Toxic shock syndrome,
040.89,Other specified bacterial diseases,Bacterial diseases NEC,
041.00,Streptococcus infection in conditions classified elsewhere and of unspecified site$ streptococcus$ unspecified,Streptococcus unspecf,
041.01,Streptococcus infection in conditions classified elsewhere and of unspecified site$ streptococcus$ group A,Streptococcus group a,
041.02,Streptococcus infection in conditions classified elsewhere and of unspecified site$ streptococcus$ group B,Streptococcus group b,
041.03,Streptococcus infection in conditions classified elsewhere and of unspecified site$ streptococcus$ group C,Streptococcus group c,
041.04,Streptococcus infection in conditions classified elsewhere and of unspecified site$ streptococcus$ group D [Enterococcus],Enterococcus group d,
041.05,Streptococcus infection in conditions classified elsewhere and of unspecified site$ streptococcus$ group G,Streptococcus group g,
041.09,Streptococcus infection in conditions classified elsewhere and of unspecified site$ other streptococcus,Other streptococcus,
041.10,Staphylococcus infection in conditions classified elsewhere and of unspecified site$ staphylococcus$ unspecified,Staphylococcus unspcfied,
041.11,Methicillin susceptible Staphylococcus aureus in conditions classified elsewhere and of unspecified site,Mth sus Stph aur els/NOS,
041.12,Methicillin resistant Staphylococcus aureus in conditions classified elsewhere and of unspecified site,MRSA elsewhere/NOS,
041.19,Staphylococcus infection in conditions classified elsewhere and of unspecified site$ other staphylococcus,Other staphylococcus,
041.2,Pneumococcus infection in conditions classified elsewhere and of unspecified site,Pneumococcus infect NOS,
041.3,Friedländer's bacillus infection in conditions classified elsewhere and of unspecified site,Klebsiella pneumoniae,
041.41,Shiga toxin-producing Escherichia coli [E. coli] (STEC) O157,Shiga txn-produce E.coli,
041.42,Other specified Shiga toxin-producing Escherichia coli [E. coli] (STEC),Shga txn prod E.coli NEC,
041.43,Shiga toxin-producing Escherichia coli [E. coli] (STEC)$ unspecified,Shga txn prod E.coli NOS,
041.49,Other and unspecified Escherichia coli [E. coli],E.coli infection NEC/NOS,
041.5,Hemophilus influenzae [H. influenzae] infection in conditions classified elsewhere and of unspecified site,H. influenzae infect NOS,
041.6,Proteus (mirabilis) (morganii) infection in conditions classified elsewhere and of unspecified site,Proteus infection NOS,
041.7,Pseudomonas infection in conditions classified elsewhere and of unspecified site,Pseudomonas infect NOS,
041.81,Other specified bacterial infections in conditions classified elsewhere and of unspecified site$ mycoplasma,Mycoplasma,
041.82,Bacteroides fragilis,Bacteroides fragilis,
041.83,Other specified bacterial infections in conditions classified elsewhere and of unspecified site$ Clostridium perfringens,Clostridium perfringens,
041.84,Other specified bacterial infections in conditions classified elsewhere and of unspecified site$ other anaerobes,Other anaerobes,
041.85,Other specified bacterial infections in conditions classified elsewhere and of unspecified site$ other gram-negative organisms,Oth gram negatv bacteria,
041.86,Helicobacter pylori [H. pylori],Helicobacter pylori,
041.89,Other specified bacterial infections in conditions classified elsewhere and of unspecified site$ other specified bacteria,Oth specf bacteria,
041.9,Bacterial infection$ unspecified$ in conditions classified elsewhere and of unspecified site,Bacterial infection NOS,
042,Human immunodeficiency virus [HIV] disease,Human immuno virus dis,
045.00,Acute paralytic poliomyelitis specified as bulbar$ poliovirus$ unspecified type,Ac bulbar polio-type NOS,
045.01,Acute paralytic poliomyelitis specified as bulbar$ poliovirus type I,Ac bulbar polio-type 1,
045.02,Acute paralytic poliomyelitis specified as bulbar$ poliovirus type II,Ac bulbar polio-type 2,
045.03,Acute paralytic poliomyelitis specified as bulbar$ poliovirus type III,Ac bulbar polio-type 3,
045.10,Acute poliomyelitis with other paralysis$ poliovirus$ unspecified type,Paral polio NEC-type NOS,
045.11,Acute poliomyelitis with other paralysis$ poliovirus type I,Paral polio NEC-type 1,
045.12,Acute poliomyelitis with other paralysis$ poliovirus type II,Paral polio NEC-type 2,
045.13,Acute poliomyelitis with other paralysis$ poliovirus type III,Paral polio NEC-type 3,
045.20,Acute nonparalytic poliomyelitis$ poliovirus$ unspecified type,Nonparaly polio-type NOS,
045.21,Acute nonparalytic poliomyelitis$ poliovirus type I,Nonparalyt polio-type 1,
045.22,Acute nonparalytic poliomyelitis$ poliovirus type II,Nonparalyt polio-type 2,
045.23,Acute nonparalytic poliomyelitis$ poliovirus type III,Nonparalyt polio-type 3,
045.90,Acute poliomyelitis$ unspecified$ poliovirus$ unspecified type,Ac polio NOS-type NOS,
045.91,Acute poliomyelitis$ unspecified$ poliovirus type I,Ac polio NOS-type 1,
045.92,Acute poliomyelitis$ unspecified$ poliovirus type II,Ac polio NOS-type 2,
045.93,Acute poliomyelitis$ unspecified$ poliovirus type III,Ac polio NOS-type 3,
046.0,Kuru,Kuru,
046.11,Variant Creutzfeldt-Jakob disease,Varnt Creutzfeldt-Jakob,
046.19,Other and unspecified Creutzfeldt-Jakob disease,Creutzfldt-Jakob NEC/NOS,
046.2,Subacute sclerosing panencephalitis,Subac scleros panenceph,
046.3,Progressive multifocal leukoencephalopathy,Prog multifoc leukoencep,
046.71,Gerstmann-Sträussler-Scheinker syndrome,Gerstmn-Straus-Schnk syn,
046.72,Fatal familial insomnia,Fatal familial insomnia,
046.79,Other and unspecified prion disease of central nervous system,Prion dis of CNS NEC/NOS,
046.8,Other specified slow virus infection of central nervous system,Cns slow virus infec NEC,
046.9,Unspecified slow virus infection of central nervous system,Cns slow virus infec NOS,
047.0,Meningitis due to coxsackie virus,Coxsackie virus mening,
047.1,Meningitis due to echo virus,Echo virus meningitis,
047.8,Other specified viral meningitis,Viral meningitis NEC,
047.9,Unspecified viral meningitis,Viral meningitis NOS,
048,Other enterovirus diseases of central nervous system,Oth enteroviral cns dis,
049.0,Lymphocytic choriomeningitis,Lymphocytic choriomening,
049.1,Meningitis due to adenovirus,Adenoviral meningitis,
049.8,Other specified non-arthropod-borne viral diseases of central nervous system,Viral encephalitis NEC,
049.9,Unspecified non-arthropod-borne viral diseases of central nervous system,Viral encephalitis NOS,
050.0,Variola major,Variola major,
050.1,Alastrim,Alastrim,
050.2,Modified smallpox,Modified smallpox,
050.9,Smallpox$ unspecified,Smallpox NOS,
051.01,Cowpox,Cowpox,
051.02,Vaccinia not from vaccination,Vaccinia n/f vaccination,
051.1,Pseudocowpox,Pseudocowpox,
051.2,Contagious pustular dermatitis,Contagious pustular derm,
051.9,Paravaccinia$ unspecified,Paravaccinia NOS,
052.0,Postvaricella encephalitis,Postvaricella encephalit,
052.1,Varicella (hemorrhagic) pneumonitis,Varicella pneumonitis,
052.2,Postvaricella myelitis,Postvaricella myelitis,
052.7,Chickenpox with other specified complications,Varicella complicat NEC,
052.8,Chickenpox with unspecified complication,Varicella complicat NOS,
052.9,Varicella without mention of complication,Varicella uncomplicated,
053.0,Herpes zoster with meningitis,Herpes zoster meningitis,
053.10,Herpes zoster with unspecified nervous system complication,H zoster nerv syst NOS,
053.11,Geniculate herpes zoster,Geniculate herpes zoster,
053.12,Postherpetic trigeminal neuralgia,Postherpes trigem neural,
053.13,Postherpetic polyneuropathy,Postherpes polyneuropath,
053.14,Herpes zoster myelitis,Herpes zoster myelitis,
053.19,Herpes zoster with other nervous system complications,H zoster nerv syst NEC,
053.20,Herpes zoster dermatitis of eyelid,Herpes zoster of eyelid,
053.21,Herpes zoster keratoconjunctivitis,H zoster keratoconjunct,
053.22,Herpes zoster iridocyclitis,H zoster iridocyclitis,
053.29,Herpes zoster with other ophthalmic complications,Herpes zoster of eye NEC,
053.71,Otitis externa due to herpes zoster,H zoster otitis externa,
053.79,Herpes zoster with other specified complications,H zoster complicated NEC,
053.8,Herpes zoster with unspecified complication,H zoster complicated NOS,
053.9,Herpes zoster without mention of complication,Herpes zoster NOS,
054.0,Eczema herpeticum,Eczema herpeticum,
054.10,Genital herpes$ unspecified,Genital herpes NOS,
054.11,Herpetic vulvovaginitis,Herpetic vulvovaginitis,
054.12,Herpetic ulceration of vulva,Herpetic ulcer of vulva,
054.13,Herpetic infection of penis,Herpetic infect of penis,
054.19,Other genital herpes,Genital herpes NEC,
054.2,Herpetic gingivostomatitis,Herpetic gingivostomat,
054.3,Herpetic meningoencephalitis,Herpetic encephalitis,
054.40,Herpes simplex with unspecified ophthalmic complication,Herpes simplex eye NOS,
054.41,Herpes simplex dermatitis of eyelid,Herpes simplex of eyelid,
054.42,Dendritic keratitis,Dendritic keratitis,
054.43,Herpes simplex disciform keratitis,H simplex keratitis,
054.44,Herpes simplex iridocyclitis,H simplex iridocyclitis,
054.49,Herpes simplex with other ophthalmic complications,Herpes simplex eye NEC,
054.5,Herpetic septicemia,Herpetic septicemia,
054.6,Herpetic whitlow,Herpetic whitlow,
054.71,Visceral herpes simplex,Visceral herpes simplex,
054.72,Herpes simplex meningitis,H simplex meningitis,
054.73,Herpes simplex otitis externa,H simplex otitis externa,
054.74,Herpes simplex myelitis,Herpes simplex myelitis,
054.79,Herpes simplex with other specified complications,H simplex complicat NEC,
054.8,Herpes simplex with unspecified complication,H simplex complicat NOS,
054.9,Herpes simplex without mention of complication,Herpes simplex NOS,
055.0,Postmeasles encephalitis,Postmeasles encephalitis,
055.1,Postmeasles pneumonia,Postmeasles pneumonia,
055.2,Postmeasles otitis media,Postmeasles otitis media,
055.71,Measles keratoconjunctivitis,Measles keratitis,
055.79,Measles with other specified complications,Measles complication NEC,
055.8,Measles with unspecified complication,Measles complication NOS,
055.9,Measles without mention of complication,Measles uncomplicated,
056.00,Rubella with unspecified neurological complication,Rubella nerve compl NOS,
056.01,Encephalomyelitis due to rubella,Rubella encephalitis,
056.09,Rubella with other neurological complications,Rubella nerve compl NEC,
056.71,Arthritis due to rubella,Arthritis due to rubella,
056.79,Rubella with other specified complications,Rubella complication NEC,
056.8,Rubella with unspecified complications,Rubella complication NOS,
056.9,Rubella without mention of complication,Rubella uncomplicated,
057.0,Erythema infectiosum (fifth disease),Erythema infectiosum,
057.8,Other specified viral exanthemata,Viral exanthemata NEC,
057.9,Viral exanthem$ unspecified,Viral exanthemata NOS,
058.10,Roseola infantum$ unspecified,Roseola infantum NOS,
058.11,Roseola infantum due to human herpesvirus 6,Roseola infant d/t HHV-6,
058.12,Roseola infantum due to human herpesvirus 7,Roseola infant d/t HHV-7,
058.21,Human herpesvirus 6 encephalitis,Human herpesvir 6 enceph,
058.29,Other human herpesvirus encephalitis,Human herpesvr encph NEC,
058.81,Human herpesvirus 6 infection,Human herpesvirus 6 infc,
